{
  "alert": ["warning", "triangle", "exclamation", "point"],
  "archive": ["box", "catalog"],
  "arrow-both": ["point", "direction", "left", "right"],
  "arrow-down": ["point", "direction"],
  "arrow-left": ["point", "direction"],
  "arrow-right": ["point", "direction"],
  "arrow-small-down": ["point", "direction", "little", "tiny"],
  "arrow-small-left": ["point", "direction", "little", "tiny"],
  "arrow-small-right": ["point", "direction", "little", "tiny"],
  "arrow-small-up": ["point", "direction", "little", "tiny"],
  "arrow-up": ["point", "direction"],
  "beaker": [
    "experiment",
    "labs",
    "experimental",
    "feature",
    "test",
    "science",
    "education",
    "study",
    "development",
    "testing"
  ],
  "bell": ["notification"],
  "bold": ["markdown", "bold", "text"],
  "book": ["book", "journal", "wiki", "readme"],
  "bookmark": ["tab", "star"],
  "briefcase": ["suitcase", "business"],
  "broadcast": ["rss", "radio", "signal"],
  "browser": ["window", "web"],
  "bug": ["insect", "issue"],
  "calendar": ["time", "day", "month", "year", "date", "appointment"],
  "check": ["mark", "yes", "confirm", "accept", "ok", "success"],
  "checklist": ["todo", "tasks"],
  "chevron-down": ["triangle", "arrow"],
  "chevron-left": ["triangle", "arrow"],
  "chevron-right": ["triangle", "arrow"],
  "chevron-up": ["triangle", "arrow"],
  "circle-slash": ["no", "deny", "fail", "failure", "error", "bad"],
  "circuit-board": ["developer", "hardware", "electricity"],
  "clippy": ["copy", "paste", "save", "capture", "clipboard"],
  "clock": ["time", "hour", "minute", "second", "watch"],
  "cloud-download": ["save", "install", "get"],
  "cloud-upload": ["put", "export"],
  "code": ["brackets"],
  "comment": ["speak", "bubble"],
  "comment-discussion": ["converse", "talk"],
  "credit-card": ["money", "billing", "payments", "transactions"],
  "dash": ["hyphen", "range"],
  "dashboard": ["speed", "dial"],
  "database": ["disks", "data"],
  "dependent": ["dependency", "dependent", "file"],
  "desktop-download": ["clone", "download"],
  "device-camera": ["photo", "picture", "image", "snapshot"],
  "device-camera-video": ["watch", "view", "media", "stream"],
  "device-desktop": ["computer", "monitor"],
  "device-mobile": ["phone", "iphone", "cellphone"],
  "diff": ["difference", "changes", "compare"],
  "diff-added": ["new", "addition", "plus"],
  "diff-ignored": ["slash"],
  "diff-modified": ["dot", "changed", "updated"],
  "diff-removed": ["deleted", "subtracted", "dash"],
  "diff-renamed": ["moved", "arrow"],
  "ellipsis": ["dot", "read", "more", "hidden", "expand"],
  "eye": ["look", "watch", "see"],
  "eye-closed": ["hidden", "invisible", "concealed", ""],
  "file": ["file", "text", "words"],
  "file-binary": ["image", "video", "word", "powerpoint", "excel"],
  "file-code": ["text", "javascript", "html", "css", "php", "ruby", "coffeescript", "sass", "scss"],
  "file-directory": ["folder"],
  "file-media": ["image", "video", "audio"],
  "file-pdf": ["adobe"],
  "file-submodule": ["folder"],
  "file-symlink-directory": ["folder", "subfolder", "link", "alias"],
  "file-symlink-file": ["link", "alias"],
  "file-zip": ["compress", "archive"],
  "flame": ["fire", "hot", "burn", "trending"],
  "fold": ["unfold", "hide", "collapse"],
  "fold-down": ["unfold", "hide", "collapse", "down"],
  "fold-up": ["unfold", "hide", "collapse", "up"],
  "gear": ["settings"],
  "gift": ["package", "present", "skill", "craft", "freebie"],
  "gist": ["gist", "github"],
  "gist-secret": ["gist", "secret", "private"],
  "git-branch": ["fork", "branch", "git", "duplicate"],
  "git-commit": ["save"],
  "git-compare": ["difference", "changes"],
  "git-merge": ["join"],
  "git-pull-request": ["review"],
  "github-action": ["board", "workflow", "action", "automation"],
  "globe": ["world", "earth", "planet"],
  "grabber": ["mover", "drag", "drop", "sort"],
  "graph": ["trend", "stats", "statistics"],
  "heart": ["love", "beat"],
  "heart-outline": ["love", "beat"],
  "history": ["time", "past", "revert", "back"],
  "home": ["welcome", "index", "house", "building"],
  "horizontal-rule": ["hr"],
  "hubot": ["robot", "bot"],
  "inbox": ["mail", "todo", "new", "messages"],
  "infinity": ["unlimited", "infinite"],
  "info": ["help"],
  "internal-repo": ["internal, repo, repository"],
  "issue-closed": ["done", "complete"],
  "issue-opened": ["new"],
  "issue-reopened": ["regression"],
  "italic": ["font", "italic", "style"],
  "jersey": ["team", "game", "basketball"],
  "kebab-horizontal": ["kebab", "dot", "menu", "more"],
  "kebab-vertical": ["kebab", "dot", "menu", "more"],
  "key": ["key", "lock", "secure", "safe"],
  "keyboard": ["type", "keys", "write", "shortcuts"],
  "law": ["legal", "bill"],
  "light-bulb": ["idea"],
  "line-arrow-down": ["arrow", "point", "direction", "down"],
  "line-arrow-left": ["arrow", "point", "direction", "left"],
  "line-arrow-right": ["arrow", "point", "direction", "right"],
  "line-arrow-up": ["arrow", "point", "direction", "up"],
  "link": ["connect", "hyperlink"],
  "link-external": ["out", "see", "more", "go", "to"],
  "list-ordered": ["numbers", "tasks", "todo", "items"],
  "list-unordered": ["bullet", "point", "tasks", "todo", "items"],
  "location": ["here", "marker"],
  "lock": ["secure", "safe", "protected"],
  "logo-gist": ["brand", "github", "logo"],
  "logo-github": ["brand", "github", "logo"],
  "mail": ["email", "unread"],
  "mail-read": ["email", "open"],
  "mark-github": ["octocat", "brand", "github", "logo"],
  "markdown": ["markup", "style"],
  "megaphone": ["bullhorn", "loud", "shout", "broadcast"],
  "mention": ["at", "ping"],
  "milestone": ["marker"],
  "mirror": ["reflect"],
  "mortar-board": ["education", "learn", "teach"],
  "mute": ["quiet", "sound", "audio", "turn", "off"],
  "no-newline": ["return"],
  "north-star": ["star", "snowflake", "asterisk"],
  "note": ["card", "paper", "ticket"],
  "octoface": ["octocat", "brand"],
  "organization": ["people", "group", "team"],
  "package": ["box", "ship"],
  "paintcan": ["style", "theme", "art", "color"],
  "pencil": ["edit", "change", "update", "write"],
  "person": ["people", "man", "woman", "human"],
  "pin": ["save", "star", "bookmark"],
  "play": ["play", "start", "begin", "action"],
  "plug": ["hook", "webhook"],
  "plus": ["add", "new", "more"],
  "plus-small": ["add", "new", "more", "small"],
  "primitive-dot": ["circle"],
  "primitive-dot-stroke": ["circle", "dot", "unread"],
  "primitive-square": ["box"],
  "project": ["board", "kanban", "columns", "scrum"],
  "pulse": ["graph", "trend", "line", "activity"],
  "question": ["help", "explain"],
  "quote": ["quotation"],
  "radio-tower": ["broadcast"],
  "reply": ["reply all", "back"],
  "repo": ["book", "journal", "repository"],
  "repo-clone": ["book", "journal", "repository"],
  "repo-force-push": ["book", "journal", "put"],
  "repo-forked": ["book", "journal", "copy"],
  "repo-pull": ["book", "journal", "get"],
  "repo-push": ["book", "journal", "repository", "put"],
  "repo-template": ["book", "new", "add", "template"],
  "repo-template-private": ["book", "new", "template"],
  "report": ["report", "abuse", "flag"],
  "request-changes": ["diff", "changes", "request"],
  "rocket": ["staff", "stafftools", "blast", "off", "space", "launch", "ship"],
  "rss": ["broadcast", "feed", "atom"],
  "ruby": ["code", "language"],
  "saved": ["saved", "bookmark"],
  "screen-full": ["fullscreen", "expand"],
  "screen-normal": ["fullscreen", "expand", "exit"],
  "search": ["magnifying", "glass"],
  "server": ["computers", "racks", "ops"],
  "settings": ["sliders", "filters", "controls", "levels"],
  "shield": ["security", "shield", "protection"],
  "shield-check": ["security", "shield", "protection", "check", "success"],
  "shield-lock": ["protect", "shield", "lock"],
  "shield-x": ["security", "shield", "protection", "fail"],
  "sign-in": ["door", "arrow", "direction", "enter", "log in"],
  "sign-out": ["door", "arrow", "direction", "leave", "log out"],
  "skip": ["skip", "slash"],
  "smiley": ["emoji", "smile", "mood", "emotion"],
  "squirrel": ["ship", "shipit", "launch"],
  "star": ["save", "remember", "like"],
  "stop": ["block", "spam", "report"],
  "sync": ["cycle", "refresh", "loop"],
  "tag": ["release"],
  "tasklist": ["todo"],
  "telescope": ["science", "space", "look", "view", "explore"],
  "terminal": ["code", "ops", "shell"],
  "text-size": ["font", "size", "text"],
  "three-bars": ["hamburger", "menu", "dropdown"],
  "thumbsdown": ["thumb", "thumbsdown", "rejected", "dislike"],
  "thumbsup": ["thumb", "thumbsup", "prop", "ship", "like"],
  "tools": ["screwdriver", "wrench", "settings"],
  "trashcan": ["garbage", "rubbish", "recycle", "delete"],
  "triangle-down": ["arrow", "point", "direction"],
  "triangle-left": ["arrow", "point", "direction"],
  "triangle-right": ["arrow", "point", "direction"],
  "triangle-up": ["arrow", "point", "direction"],
  "unfold": ["expand", "open", "reveal"],
  "unmute": ["loud", "volume", "audio", "sound", "play"],
  "unsaved": ["unsaved", "bookmark"],
  "unverified": ["insecure", "untrusted", "signed"],
  "verified": ["trusted", "secure", "trustworthy", "signed"],
  "versions": ["history", "commits"],
  "watch": ["wait", "hourglass", "time", "date"],
  "workflow": ["workflow", "actions"],
  "workflow-all": ["workflow", "actions"],
  "x": ["remove", "close", "delete"],
  "zap": ["electricity", "lightning", "props", "like", "star", "save"]
}
